MUBARAKAH/USDT,5.354653403114397e-08
NXPC/USDT,0.0022188416293332986
ALCH/USDT,0.00064028805048343
PUMPBTC/USDT,7.4271711281000415e-06
BANANA/USDT,2.115303943869343
FUSD/USDT,1.0421000000039995e-08
RING/USDT,1.1993224917143159e-08
EVR/USDT,1.9279054426665753e-05
MEMECOIN/USDT,4.2009002433433404e-09
TAT/USDT,3.053211000069433e-07
NEO/USDC,0.5872585965249998
PEP/USDT,9.789372647423481e-09
MOBILE/USDT,1.3737628535666616e-10
SPEC/USDT,0.0018655127826666298
MINA/USDT,5.3197374804766785e-05
HOUSE/USDT,1.76067823559999e-06
TROLLSOL/USDT,0.0007651974415962655
GRAM/USDT,4.259864827195753e-08
RON/USDT,0.0007008037490000077
SQD/USDT,6.379024735623301e-05
PRO/USDT,0.00018230249999999916
THOR/USDT,0.0008278269300004012
NOCHILL/USDT,7.649378956666508e-08
DIA/USDT,0.0022407354343333056
SONIC/USDT,6.484287550493212e-05
REDO/USDT,9.846095936823278e-05
ACA/USDT,1.4023068447666675e-06
BNKR/USDT,2.4724777703566777e-09
SAMO/USDT,2.714728289426733e-09
BLZ/USDT,4.7141574906666415e-07
CLORE/USDT,5.925940010666565e-07
ID/USDT,6.866343682249995e-05
SFUND/USDT,0.00039774645833333123
MP/USDT,1.1890283336766416e-09
KIN/USDT,6.9906966070622185e-15
VOLT/USDT,8.536813820628876e-17
URANUS/USDT,0.010319478802666631
SAHARA/USDT,1.283135813009957e-05
S/USDT,0.0002505144373333358
GLM/USDT,8.19256843125002e-05
B/USDT,0.0005899784756666973
POWR/USDT,4.496234977640127e-05
HTR/USDT,2.69203681566672e-07
CHO/USDT,2.3698995293333445e-07
SHDW/USDT,0.0011826618096616075
STX/USDT,0.0009597784093333291
NC/USDT,2.4386410706667e-07
BUBBLE/USDT,4.188240118973247e-09
MOVE/USDT,3.681468891023295e-05
B3/USDT,2.5482174190759574e-08
PEAQ/USDT,4.030982081426622e-05
RDAC/USDT,1.0493989166666782e-06
RIFSOL/USDT,2.072833121738965e-07
DECENTRALIZED/USDT,9.317700109333427e-11
HTX/USDT,6.320666219288493e-15
OPCAT/USDT,0.0007967522814233439
TAO/USDT,369.1034326666654
NEIROCTO/USDT,7.459665685433231e-10
BIFI/USDT,70.44205049333141
STRK/USDT,5.39799468233325e-05
CGPT/USDT,3.102448964023351e-05
BEETS/USDT,3.5020015433333425e-06
STEEM/USDT,1.9386379475067723e-05
MAX/USDT,3.2341595666666216e-09
CATCOIN/USDT,1.4541118055555646e-22
RAIL/USDT,0.03741671211566664
C/USDT,0.00015739777868573233
AIOZ/USDT,0.000403553725
EWT/USDT,0.005519873335666377
XPRT/USDT,2.355662701733404e-06
SCRT/USDT,7.85741305689341e-05
CFG/USDT,0.007835414049568695
GALA/USDT,2.3089088229333075e-06
EACC/USDT,1.2896025044667705e-07
AXS/USDC,0.01666344783733312
LF/USDT,3.0919882730668047e-10
NEOX/USDT,1.6005159449333376e-10
INV/USDT,11.357409843566856
GHIBLI/USDT,7.699375138690068e-09
VENOM/USDT,0.0001613260115433246
OPUL/USDT,6.203113835573322e-05
GMT/USDT,3.910602846233333e-06
CYBER/USDT,0.024408253027666565
USDC/USDT,7.42766666666148e-07
RENDER/USDT,0.03241060430766712
BTT/USDC,5.468014115376345e-16
AERGO/USDT,1.1612094038266735e-05
AINTI/USDT,1.0723202648899674e-05
DEEP/USDT,8.376707899556672e-05
CULT/USDT,3.526748792755644e-08
FIRO/USDT,0.000815772540999992
MIGGLES/USDT,6.7494840270666455e-06
DC/USDT,2.0066450689999575e-11
CAPTAINBNB/USDT,6.971186769000053e-07
XRP/USDC,0.017174460691666813
DOGS/USDT,3.021773235599978e-10
MANA/USDT,0.0003040414859123978
IRON/USDT,8.991424331567899e-06
GEOD/USDT,5.7644131212763825e-05
WHALES/USDT,4.412963298226669e-05
ONE/USDT,3.048821896000016e-07
BUBB/USDT,1.4378243517411417e-05
MATH/USDT,3.26351884225004e-05
ATOM/USDC,0.08130396040766533
AIMONICA/USDT,3.3947885447823256e-08
DONKEY/USDT,0.000864606381254404
IMX/USDT,0.0017269149489999736
DYM/USDT,0.0003157046645143992
DRUGS/USDT,4.2666516157284136e-07
LEMON/USDT,2.5076923506666666e-11
IOTA/USDC,9.152911051289914e-05
STRAX/USDT,9.42557968266677e-07
AGIXT/USDT,2.5652215127567505e-09
BABY/USDT,7.74547071759999e-06
USEDCAR/USDT,1.7291013556306467e-08
TRX/USDT,8.054788091666494e-05
ETH/USDT,185362.42322499488
OM/USDT,0.00012783132612810016
XTZ/USDC,0.0011949856823333636
USDR/USDC,5.329000000274059e-09
BIO/USDT,0.004098683748050928
OXT/USDT,5.713843911733316e-06
LA/USDT,0.0004450954156666797
CAPS/USDT,1.1956842921289985e-08
PEPE/USDC,4.3684464156891545e-13
FLOW/USDT,0.000588559166666679
DEGENAI/USDT,7.699338676666635e-08
ADA/USDT,0.0015744239583333848
EVRMORE/USDT,1.8141009040000618e-11
BMT/USDT,7.285683927433328e-06
HNS/USDT,2.486267014266662e-06
KOMA/USDT,1.1728907041433282e-05
ALU/USDT,0.00036295100356506516
ELIZACTO/USDT,1.4643579733733337e-09
UTK/USDT,1.2003496822333398e-06
SIS/USDT,3.4897523354765715e-05
BERRY/USDT,0.00010623511207423324
TCAPY/USDT,1.362704349999992e-09
OMNI/USDT,0.04381363536900004
AZERO/USDT,1.4747059982666803e-06
KEKIUS/USDT,2.7761244404000318e-06
OOGA/USDT,3.5006617758400095e-05
SEND/USDT,0.0020263313276666756
SATS/USDT,8.400954330756244e-18
BUCK/USDT,2.099552686902494e-07
NFTAI/USDT,4.593923239166704e-10
NEIROETH/USDT,6.402710194173334e-05
STO/USDT,2.5915960329600023e-05
JKC/USDT,2.3822034935666563e-06
ZEROLEND/USDT,1.9019276725624636e-11
STAN/USDT,7.860784103605395e-07
LOFI/USDT,2.228228022233308e-06
NMT/USDT,0.00012130250000000152
H/USDT,3.6658906025000517e-06
GARI/USDT,1.2993093716113016e-06
SPORE/USDT,3.8996548563566855e-09
ROSE/USDT,2.128336716233322e-06
WNCG/USDT,3.8016528766663805e-08
CET/USDC,5.8783471058334925e-06
NEUR/USDT,4.990109295250164e-09
EPIC/USDT,0.0006680428849462168
MIN/USDT,1.083860721433277e-06
DERO/USDT,0.008938119342333425
NYM/USDT,9.629205177333185e-07
MAGA/USDT,3.8755686480232463e-13
WART/USDT,0.0001885647030442293
PLAY/USDT,3.7534785435833265e-05
BITCOIN/USDT,7.965967523306575e-05
CLY/USDT,0.0005061560031500976
AURA/USDT,0.00011159497606249819
PHA/USDT,0.00015542502521676688
BSV/USDC,0.9339538873917186
LRC/USDT,1.5221684569166775e-05
ACS/USDT,3.195119977015676e-08
XAUT/USDT,707.1404909432987
GIZA/USDT,0.0009114547356082302
TRUF/USDT,6.098313957433417e-06
ETC/USDC,4.465858948804011
SUI/USDT,0.0362412003493333
ARMY/USDT,4.168182418933358e-06
CETUS/USDT,4.231487421876603e-05
FXN/USDT,6.912842241890014e-09
PNP/USDT,0.03192321515433371
BOME/USDC,9.43116579405721e-08
SIDUS/USDT,1.1737042552400044e-09
COVAL/USDT,1.0103173674676586e-08
SNS/USDT,1.5121410070293314e-08
THETA/USDT,0.0019592887290000114
CONVO/USDT,3.0998465039999866e-07
BTC/USDT,5651238.335833333
STONKS/USDT,7.587168933333332e-07
POKT/USDT,2.1114701303999832e-06
SYRUP/USDT,0.0008222938756666767
ARRR/USDT,0.00022756202291823738
ZANO/USDT,6.214595535948934
ICP/USDC,0.05921258197566631
FITFI/USDT,1.8180579794933785e-09
NMC/USDT,0.009412960858333414
BEAMX/USDT,1.639675074333298e-07
BIGPUMP/USDT,3.586594419849575e-16
FAI/USDT,1.639867196266654e-06
FTT/USDT,0.0011865721573333596
CRV/USDT,0.003616194315666661
TGT/USDT,2.610427988999944e-07
ERA/USDT,0.0023075043226666613
GNS/USDT,0.020907370766666437
RUJI/USDT,0.016631207291666658
UWU/USDT,8.763416040000112e-12
GNO/USDT,64.52241915666461
MAV/USDT,3.817206175173312e-05
ZEC/USDC,6.894124693333549
HMND/USDT,1.985462376100006e-06
ARKM/USDT,0.0009534678583333279
GAMMA/USDT,7.330234104766707e-06
SFP/USDT,0.00023320408899999933
XMR/USDC,204.2779901566768
MOR/USDT,0.047189796462667334
URO/USDT,1.2400397703850665e-07
EVER/USDT,9.365262656933395e-06
SLF/USDT,1.593093402959976e-05
WEN/USDT,6.8015855627025395e-12
ROUTE/USDT,2.799820691666771e-07
ETC/USDT,4.185145996402707
SAND/USDT,0.0002471396865402683
HAEDAL/USDT,0.00026580236389543444
LUNAI/USDT,1.0100705014333324e-06
IOST/USDT,2.5485448933333508e-08
LLM/USDT,1.88936441383157e-07
GRS/USDT,3.689792399999883e-05
WOLFETH/USDT,3.977894709333315e-11
SPS/USDT,5.797641358333437e-07
MNDE/USDT,0.00015415086551826901
GUN/USDT,2.9220240362666655e-06
SILO/USDT,9.78693410766641e-07
HEU/USDT,2.012084989960002e-05
TT/USDT,3.422123860409879e-09
SIREN/USDT,1.8330839090000186e-05
XDC/USDT,3.8104915782331885e-06
LKY/USDT,5.7633035038900135e-05
GLMR/USDT,1.5130555960266293e-05
AI16Z/USDT,0.0001327930546889001
WIF/USDC,0.002863807547666681
LABUBU/USDT,4.3712958826666904e-07
BAKE/USDT,2.5709409173599643e-05
ARPA/USDT,5.416436724999968e-07
PENDLE/USDT,0.179558897714335
OBT/USDT,3.717169395666756e-07
S/USDC,0.0002435878493333275
FORM/USDT,0.013433660724998733
WHY/USDT,1.4257594715111016e-18
VRA/USDT,6.2336515355943845e-09
QUICK/USDT,1.3997141191666736e-06
ENA/USDC,0.00439295527863548
MKR/USDT,7998.284503999839
GHX/USDT,1.891630994233323e-06
SHADOW/USDT,1.892540284766666
LSK/USDT,0.00024016486933333236
MILK/USDT,2.8868827202332896e-06
EGP/USDT,0.0034025106810000477
DOME/USDT,1.8990845999999975e-11
RUNE/USDT,0.003888135150666704
POLLY/USDT,2.128599169000005e-07
PI/USDT,0.00018296797433333366
SKI/USDT,1.2796154462399967e-05
SANTOS/USDT,0.03501097571599986
AVAIL/USDT,2.8893268270667195e-06
ORE/USDT,3.3685929044423566
MORPHO/USDT,0.0693573081360001
GAS/USDT,0.024075660750666295
RDNT/USDT,1.3545155395999952e-06
ETHFI/USDT,0.01772162833333318
BR/USDT,0.0007977991876649352
GHST/USDT,0.0006626619743333324
BCUT/USDT,1.827132079573349e-05
GUAC/USDT,1.0351320725223865e-18
PAWS/USDT,4.8889749733333885e-12
KMNO/USDT,8.758560267566802e-06
BSW/USDT,7.079204239583406e-05
Actinium/USDT,0.0014836554973333366
TOWER/USDT,6.71602223636254e-08
SUNDOG/USDT,5.466181590399944e-06
ARB/USDT,0.004645117482333285
SKBDI/USDT,5.2742871771433305e-05
NFP/USDT,1.6101637469166345e-05
EVAN/USDT,3.704854009906669e-09
MSTAR/USDT,1.4367766038348063e-06
DYDX/USDT,0.0021568229693333272
ELA/USDT,0.0012014257706666723
CTA/USDT,3.604039594766649e-06
VAI/USDT,2.3864378191666667e-06
PUPS/USDT,1.7470769438899955e-05
SPELL/USDT,2.4113017965432555e-09
ANONSOL/USDT,0.08263052484233256
HMSTR/USDT,1.7925966491566689e-09
ARC/USDT,3.2264877010666663e-06
BNC/USDT,1.1827853876666605e-05
LINK/USDT,1.5129541991556692
PIXEL/USDT,3.993212356666603e-06
ISLAND/USDT,6.967535022333436e-07
ZENT/USDT,2.0066591666667408e-07
MIM/USDT,1.0111593177968958e-07
THETA/USDC,0.001911120391666718
TROLL/USDT,1.16901258988889e-19
WLD/USDT,0.0026979389943332876
BZZ/USDT,1.8766532500000184e-06
BOSON/USDT,7.249301520933344e-06
NIM/USDT,6.828468539690024e-09
ZTX/USDT,2.717920325156501e-09
SLN/USDT,2.445463630426639e-05
NUM/USDT,1.1769955689999844e-07
TRX/USDC,8.132613500039763e-05
RTM/USDT,2.0443892426666504e-11
DNT/USDT,6.696155022333991e-07
ZRO/USDT,0.011203356330666917
NAKA/USDT,0.0013948236373333316
RUNECOIN/USDT,1.4134662631566655e-09
LDO/USDT,0.024432180933333478
USDQ/USDT,1.232595164407831e-30
BOND/USDT,0.00010507071356839874
ROOT/USDT,4.359367666666882e-08
HXD/USDT,1.1457199240000148e-07
WDOG/USDT,3.2024300091566417e-09
HGPT/USDT,3.1404621210000024e-07
IOTX/USDT,7.748488099999687e-07
GLQ/USDT,1.283102166666647e-06
ADX/USDT,5.116608083490101e-05
PRE/USDT,2.8773399201000155e-06
LQTY/USDT,0.0034914989423333303
FARTCOIN/USDT,0.006377567923999994
X/USDT,4.254467476666672e-12
FLUX/USDT,0.00017637546032756498
BANANAS31/USDT,5.207067506666618e-08
NIBI/USDT,1.1057514106666538e-07
DARK/USDT,1.0811838642137586e-07
BLAST/USDT,2.2541116932249918e-08
AIDOGE/USDT,1.6909021427847286e-23
J/USDT,9.797532185583457e-05
KEIRO/USDT,6.699780286276647e-13
SAL/USDT,5.61144757344008e-05
MAVIA/USDT,6.291681791476918e-05
DOT/USDC,0.06170773934933404
ASTR/USDT,3.5128630135666073e-06
TORN/USDT,0.717014130495662
SFI/USDT,1.233770013066648e-06
LINK/USDC,1.492342178766665
BABYSHARK/USDT,7.480872752399623e-10
REN/USDT,5.620938810000004e-08
CROWN/USDT,0.00014029415523476903
ETH/USDC,185236.36848990814
SPA/USDT,4.356750089999937e-08
W/USDT,3.1569533823333176e-05
SPACE/USDT,0.000424644879068768
MPLX/USDT,0.0001198560192755994
GMEE/USDT,1.1245217784373333e-08
XPR/USDT,3.559597543333187e-08
COW/USDT,0.000668129203999999
BURT/USDT,7.663820267760057e-09
AIUS/USDT,0.1988168140893354
FLOCK/USDT,0.017190324854836212
CTC/USDT,0.003593909797333326
YFI/USDT,96562.66930587508
NEI/USDT,4.964555731375604e-08
KP3R/USDT,0.22588412427066806
RATS/USDT,4.216548453575973e-12
IDEX/USDT,6.981792854333378e-07
IXT/USDT,2.469611019599996e-06
FORTH/USDT,0.09734417916666716
FUN/USDT,3.67844099999987e-08
RLC/USDT,0.0031043135943334254
BRISE/USDT,7.19794798946949e-18
XNA/USDT,1.2930695781000044e-10
HIGHER/USDT,1.716663389333301e-07
SHIB/USDT,3.364018205476707e-13
ARTY/USDT,0.00046479972412573415
JOY/USDT,1.0266726425960047e-08
CHEEMS/USDT,3.1527153406815586e-15
PIZZA/USDT,0.0009115671898329358
XRWA/USDT,2.7266167662266635e-05
KIMBO/USDT,2.6116490263409542e-12
SOPH/USDT,3.133846834100057e-06
EGLD/USDT,0.6148284918223417
NAVX/USDT,3.373485646266792e-06
TLM/USDT,9.39938766666635e-08
CRO/USDT,0.001365374712645722
JASMY/USDC,7.453061200999817e-07
IN/USDT,2.9580084356267856e-05
INJ/USDT,0.6995591213023488
NOTAI/USDT,3.3419217397433285e-13
XEL/USDT,0.010568726775667074
DINGO/USDT,4.853040542560664e-11
ZK/USDT,2.550464417960039e-05
AAVE/USDT,1881.4885765733186
RFD/USDT,1.394714610691389e-13
SUPFRIEND/USDT,1.2647758289166729e-09
HFUN/USDT,0.4220553084000145
ALI/USDT,5.516798995666785e-07
HLG/USDT,1.4843055666667808e-11
DIN/USDT,0.00024019125431250007
XAH/USDT,2.282467396640007e-05
SUKU/USDT,8.184251440999938e-07
HNT/USDT,0.006163325570666532
FAR/USDT,5.875897457566808e-10
GRIFT/USDT,1.8307672373333436e-07
MERL/USDT,9.146340980583372e-05
FARM/USDT,0.6462324180143407
ENJ/USDC,1.7748783142266392e-05
REI/USDT,0.00047823869255666655
STON/USDT,0.0002563832889999765
ELIZA/USDT,7.606484339441078e-08
MYRIA/USDT,1.706166313276696e-09
PUNDIAI/USDT,2.8018242972676517
VANA/USDT,0.07605066541733212
SUNDAE/USDT,1.3396932773333185e-07
ZRC/USDT,2.4653925587666585e-06
LUCE/USDT,7.028036893333358e-08
L3/USDT,4.675781233066546e-06
HOME/USDT,5.463220320933173e-06
WCT/USDT,0.0007746555706666823
HOSICO/USDT,2.7739612191666216e-06
DOGE/USDC,0.0002016639172524989
CHESS/USDT,1.877006649343347e-05
IZI/USDT,4.548214933333808e-09
OMG/USDT,3.699217002250122e-05
GAFI/USDT,0.0025622864559999856
RAT/USDT,8.907265305706577e-09
NOICE/USDT,1.9485344380766504e-09
BLUE/USDT,0.00016687772346423354
ALEO/USDT,0.0005445529343422396
RSC/USDT,0.014112340910666718
MARSETH/USDT,4.837848022802163e-15
POL/USDC,9.568881126223623e-05
UFD/USDT,5.766398736233294e-06
PYR/USDT,0.002478250909333335
GODS/USDT,1.899950565583374e-05
HAPPY/USDT,1.575924023074336e-08
ZKJ/USDT,0.0001028095337390668
MAGATRUMP/USDT,0.00014384378914959774
PARTI/USDT,0.00011420376593573395
STUPID/USDT,2.8577885733333143e-08
BLOCX/USDT,2.0904179306667403e-07
KDA/USDT,0.00045569276666666516
DADDY/USDT,1.666797155733266e-06
PRIME/USDT,0.08475501722933225
YZY/USDT,0.0017596703560000628
SWEAT/USDT,4.8271414147599176e-09
SHOGGOTH/USDT,8.3594805833333e-08
YALA/USDT,0.00018307685323360446
APE/USDT,0.000938253443999991
UNFI/USDT,0.00025390917843307726
RBC/USDT,3.7150992426667986e-07
CWIF/USDT,9.13650647633781e-17
LRDS/USDT,0.000331403170862103
BAT/USDT,3.555891414023444e-05
TITCOIN/USDT,1.449249102666662e-07
GMT/USDC,3.650867106900002e-06
LTC/USDT,24.546940943333137
SXT/USDT,8.603132988766635e-06
NEON/USDT,0.0034111187385191554
OSMO/USDT,5.685395268010096e-05
TRB/USDT,6.272209889999906
STC/USDT,1.0242043581106406e-08
XTZ/USDT,0.0012519828343333596
GTAI/USDT,2.3600538829067107e-05
EIGEN/USDT,0.011834583994333356
SC/USDT,6.734423333333228e-09
HOT/USDT,1.598075203999973e-09
GEL/USDT,5.03532724122667e-05
GALA/USDC,2.3140328501000534e-06
MTL/USDT,0.0009039912476666687
NOT/USDT,1.0439845643143188e-08
SNEK/USDT,1.0432381826666683e-07
PNG/USDT,0.0001812985911955984
CET/USDT,4.708955312399925e-06
APEX/USDT,0.000223021289757733
ORA/USDT,7.821106666666949e-07
TSUKA/USDT,8.720510823333395e-08
GOR/USDT,4.8276409349333505e-06
CHONKY/USDT,2.7179221076666944e-13
DAI/USDT,1.6524573333321902e-06
TURBO/USDT,6.030092823333301e-08
SEI/USDT,0.00028992348191810474
RARE/USDT,7.113877232400055e-06
SOL/USDT,304.9993283566617
PROPS/USDT,6.865899740100092e-06
PBUX/USDT,2.207476035666663e-07
FRED/USDT,2.51784225000004e-08
USDQ/USDC,4.930380657631324e-30
TST/USDT,5.926456346233311e-10
XCH/USDT,0.14623307926267246
LUM/USDT,0.022951256981000093
VTC/USDT,1.424486639733335e-06
OORT/USDT,1.8187611535833268e-05
ARB/USDC,0.0045393485489999925
TAI/USDT,4.0751927153600405e-05
MINI/USDT,1.3272823529333315e-06
CTSI/USDT,6.654520439439988e-05
VITA/USDT,0.06185062574099894
CVC/USDT,1.2508048189166417e-05
RNT/USDT,6.4959089192765415e-09
AXS/USDT,0.017495021022666903
SWELL/USDT,6.666141635666789e-07
HERB/USDT,4.2867194049067235e-05
NRG/USDT,1.4924058435666468e-06
KUB/USDT,0.0006244636160000113
FUD/USDT,5.9446764936890584e-18
COOKIE/USDT,6.205590334143466e-05
RXD/USDT,4.0908691666667764e-11
ZEN/USDT,0.3048013878706585
TKO/USDT,0.002463228555645829
TRUMP/USDT,0.0802646403889999
ALPINE/USDT,0.01675976689166696
DOT/USDT,0.06320780550399883
1CAT/USDT,3.262915317733439e-10
BOOPARB/USDT,1.5673783523195846e-11
DUPE/USDT,4.287970810399998e-06
RSS3/USDT,1.0120025943333107e-05
VET/USDT,2.5280464362666892e-06
CATI/USDT,5.0506806339167224e-05
ZBCN/USDT,7.997405470597262e-08
POLS/USDT,3.2233500915598796e-05
NEIRO/USDT,2.3178749809999905e-09
META/USDT,172850.2172702504
DUSK/USDT,1.496385856106668e-05
COLLAT/USDT,4.074165734266673e-06
NEXA/USDT,5.638387252626685e-15
KONAN/USDT,8.367286842022417e-14
RENDER/USDC,0.03797270496933217
HUMA/USDT,2.375422983476635e-05
FIO/USDT,4.497685544000094e-07
PEPPER/USDT,4.7439900312934155e-19
WAL/USDT,0.00040549241066666704
MASK/USDT,0.002436388544000003
SYS/USDT,5.133217176100054e-06
BRWL/USDT,7.934805917733433e-10
NMR/USDT,28.579499014297358
DCR/USDT,0.19604293492100422
PROS/USDT,8.581873345906311e-05
LPT/USDT,0.1822073682026705
POPCAT/USDT,0.00023666743349743446
WOJAK/USDT,9.813371608266655e-10
CAU/USDT,0.00048260181066667266
KREX/USDT,4.948060654906497e-13
POL/USDT,0.0001007451300388998
MONG/USDT,3.398821788958329e-20
CITADAIL/USDT,5.5436585511433425e-09
XAI/USDT,1.2705580107433101e-05
TIME/USDT,0.08700636504899979
CHAT/USDT,0.001811835062005835
BONK/USDC,1.6712843110666685e-12
LISTEN/USDT,2.4828551665567094e-09
GIGA/USDT,3.665637755666654e-07
LNR/USDT,7.242248893600064e-10
HIFI/USDT,1.1529281152933323e-05
TRIAS/USDT,0.04591916858766656
EURQ/USDT,1.3909543999995316e-05
DOGE/USDT,0.0002011144097815649
KLV/USDT,7.191471677249941e-09
FIL/USDT,0.017910139315999968
CERE/USDT,9.179876739733416e-10
YNE/USDT,9.556088876037767e-07
AERO/USDT,0.013614174624000074
BTRST/USDT,1.712759719626649e-05
XRD/USDT,2.786564423333279e-08
DEGEN/USDT,5.461029493333446e-08
AE/USDT,1.4922213676666572e-07
WINK/USDT,4.9680119707065954e-09
INIT/USDT,0.0005949857306666641
EDU/USDT,0.0001406538060034347
ERG/USDT,0.0013936951010000082
PRCL/USDT,2.3370175128399983e-05
SUN/USDT,7.140585887666647e-07
IQ/USDT,1.0784358766666462e-08
QUAI/USDT,3.44008154333331e-06
ALT/USDT,5.1080160940999755e-06
FACT/USDT,0.04957895275566765
DUKO/USDT,5.924885826933462e-10
TOKE/USDT,0.00011363411110506959
MAGIC/USDT,0.00026217064408410007
RED/USDT,0.0008325842519708916
MOTHER/USDT,3.9461115026666773e-07
GRASS/USDT,0.0021826678583333147
CHR/USDT,1.5534012359999906e-05
FB/USDT,0.00044469059066666047
PEPE2/USDT,2.34614078647396e-19
REX/USDT,0.00014656954540999924
RIF/USDT,4.093791097433355e-06
ZEREBRO/USDT,2.9894208440999557e-06
BOOP/USDT,2.289701350439986e-05
USTC/USDT,2.5364842209999e-07
T/USDT,4.4120550583332437e-07
RADAR/USDT,4.493199654791593e-08
RVN/USDT,4.1721706916668357e-07
BLUBAVAX/USDT,1.704427022916682e-09
UNA/USDT,1.9249598906666653e-05
SUI/USDC,0.036802742233333526
PIT/USDT,9.621688958333499e-23
OVR/USDT,5.721984554090117e-05
NLK/USDT,1.7420695094333245e-06
LAZIO/USDT,0.004090611310666753
RJV/USDT,6.225421823333064e-08
CAKE/USDC,0.011578783549333197
ZERC/USDT,3.4585415370666562e-06
SIPHER/USDT,1.16723822876667e-06
CLANKER/USDT,3.642945426666619
EPT/USDT,2.6383911823333544e-07
CULTDAO/USDT,2.0592829786256365e-13
PRAI/USDT,7.814047271433243e-06
INDEX/USDT,0.0052524946076667614
DENT/USDT,1.4938977893333318e-09
VIRTUAL/USDT,0.004881636984000016
EPICCHAIN/USDT,0.07710486479733246
SIGMA/USDT,2.0598342867666358e-06
CELO/USDT,0.0003626200290000018
PUMP/USDT,3.300483076666662e-08
FATHA/USDT,1.4344074239733458e-09
SUPER/USDT,0.0012230399626666638
AABL/USDT,1.784348261000019e-09
ALGO/USDC,0.00015553246603583267
LAT/USDT,3.5959242973333373e-07
GST/USDT,1.6637958333333654e-07
METAV/USDT,1.0383407440000169e-07
COQ/USDT,9.170292283239987e-16
DIMO/USDT,0.001258743862576935
PENG/USDT,8.991985250666896e-07
1INCH/USDT,0.00016248497189000406
BRETT/USDT,2.9771270419166274e-05
ORCA/USDT,0.010512747422666896
AKT/USDT,0.002133160462333358
APU/USDT,2.56419678226667e-10
PHB/USDT,0.0010015958333333115
BULL/USDT,3.252869693333328e-08
TLOS/USDT,0.00013255825269493219
PRE_WLFI/USDT,QNT/USDC,9.826209010000047
HEI/USDT,0.0013419567132827808
EPIKSOL/USDT,1.1653961373333283e-07
DCK/USDT,3.483103560000005e-08
BELLS/USDT,2.0355162493333287e-05
ME/USDT,0.0009243362973332944
DOGEGOV/USDT,2.6988666226666683e-07
VOXEL/USDT,5.3263875502665506e-06
IKA/USDT,1.5745008654333372e-06
LOCKIN/USDT,9.586861601000134e-07
LUNA/USDT,5.83363971666665e-05
TANK/USDT,2.7319556773333227e-09
XNY/USDT,1.5062466666666034e-07
FLUID/USDT,0.44461401214400015
ACT/USDT,9.367681058933125e-06
PIP/USDT,1.5271344323066192e-09
REEF/USDT,1.4132204798900024e-09
SOLO/USDT,0.00042590370233332235
BEAM/USDT,2.8884988306668187e-07
XRP/USDT,0.01662761579066648
PEIPEI/USDT,5.483315435756222e-18
ZIL/USDT,3.3120873759999736e-07
HARAMBE/USDT,3.186742666666671e-08
LINGO/USDT,8.742539933333443e-07
XIHS/USDT,0.008963121347666641
ATA/USDT,7.292878708766662e-06
WAXP/USDT,6.388585691666748e-07
KILO/USDT,1.9963458125000027e-06
GROK/USDT,1.998138462234294e-08
CUDIS/USDT,0.00022319828934493188
USA/USDT,2.0493100049066223e-15
NATIX/USDT,1.6953727692099028e-09
ARG/USDT,0.0014715808960000841
G/USDT,1.7454550706666508e-07
WMC/USDT,1.6613783785756713
SAPIEN/USDT,0.0013983498857700857
DRB/USDT,3.0612065935666676e-10
VINU/USDT,2.8726134022239594e-19
GIKO/USDT,0.003413007662666627
HOLDSTATION/USDT,0.005776262858333235
MUBI/USDT,1.0043119333333346e-07
WAT/USDT,1.6927673747773658e-12
KASPY/USDT,1.8648452372426355e-12
WAXL/USDT,0.0002754489810000102
ANDYBSC/USDT,2.9945858783210046e-18
NTRN/USDT,0.00020031765306493263
WIFI/USDT,1.4022298583333213e-07
NS/USDT,3.188708821000028e-05
XZK/USDT,2.259739899066683e-06
DOLO/USDT,0.002567998684147078
FLR/USDT,4.759751521000022e-07
ASTRO/USDT,6.610483902333488e-07
JAGER/USDT,2.1148214506944323e-21
SHRAP/USDT,9.660809000000091e-08
NPC/USDT,3.5646317775666995e-06
BERA/USDT,0.09546816415433186
HIGH/USDT,0.0009184267333333662
MOCHI/USDT,4.80260409582334e-13
OLAS/USDT,0.0004130895845914431
MORI/USDT,1.8802934639999856e-07
MOG/USDT,7.393189245583318e-15
BTT/USDT,4.462883801971154e-16
AITECH/USDT,2.213140448233347e-06
FIDA/USDT,4.6803005764267724e-05
STX/USDC,0.0008645094906666626
GFI/USDT,0.00021326645833334086
ACE/USDT,0.0010793533489999968
ALEX/USDT,1.2119413276666654e-07
POLYX/USDT,2.819211960250035e-05
RPL/USDT,0.3406576032826722
QI/USDT,1.5126100743332932e-07
GOGLZ/USDT,0.00017622189259876804
SHRUB/USDT,8.603055156666688e-08
BTC/USDC,5668092.678233334
SELFIE/USDT,2.226051043467683e-08
ONE/USDC,3.226749920999973e-07
JUSTAMEMECOIN/USDT,5.738506222666657e-07
STRD/USDT,3.64534779433329e-05
TNSR/USDT,4.224109768623281e-05
ALD/USDT,7.209451382023299e-05
DODO/USDT,8.48322342289989e-06
TRAC/USDT,0.0005018097343333307
SNAI/USDT,6.346804052266733e-06
NEWT/USDT,0.00020330069599999758
ALCX/USDT,0.22931228227599576
SUPRA/USDT,9.607437276666559e-08
XMR/USDT,199.97610624999263
AUCTION/USDT,0.16841519234767507
DOOD/USDT,2.899376537122416e-08
LSD/USDT,4.074368365600014e-06
FISH/USDT,9.300770328766648e-18
OP/USDT,0.0030913663916666573
VANRY/USDT,3.0302523902666637e-06
CRU/USDT,1.597666962333325e-05
PAIN/USDT,0.013139281764
ILV/USDT,0.44171102507733967
MOBY/USDT,2.0342425566666786e-06
BEPRO/USDT,7.391965923433295e-10
SHELL/USDT,0.0001495470992068972
ENA/USDT,0.0043504262602374446
CITY/USDT,0.003396037329000087
PAAL/USDT,3.679202900560016e-05
OKB/USDT,373.0862126666695
SPX/USDT,0.012063799558333336
KITTY/USDT,6.893592597693305e-09
ANDY/USDT,5.1001530556667164e-11
LISTA/USDT,0.00037474956514676593
FRAG/USDT,9.055868329333319e-07
AVL/USDT,3.292055746743483e-05
ZEX/USDT,2.5570667056933074e-05
POND/USDT,1.7274902333333175e-07
MON/USDT,7.721192611733428e-06
DEGOD/USDT,5.2927107714765835e-09
BAD/USDT,1.4044497091822923e-19
XEM/USDC,5.184110769306658e-09
BOBA/USDT,8.058284543333418e-06
ALEPH/USDT,7.00124340773316e-06
JUP/USDT,0.0007495980306666663
TIBBIR/USDT,0.00024344523838890002
TON/USDC,0.015564152787666664
AEVO/USDT,5.706705959333399e-05
PORTAL/USDT,7.899729206399751e-06
NIL/USDT,0.0002244994159066642
YGG/USDT,0.00018606133716676232
DMAIL/USDT,4.446019136039999e-05
ENS/USDT,2.722425142057343
AAVE/USDC,1897.0137796767149
PROVE/USDT,0.012804683683999904
OCTA/USDT,0.0007352415249999848
WAN/USDT,1.5781351664766775e-05
XED/USDT,2.745102312499965e-06
ALICE/USDT,0.0006134427359999935
QNT/USDT,9.602208916666616
AIT/USDT,4.0980196570666395e-06
DGB/USDT,1.4692616916665988e-07
AIOT/USDT,0.041782591952067204
JOE/USDT,7.357793814333418e-05
TREE/USDT,0.0004611717623333443
THE/USDT,0.0009122817282060919
SUAI/USDT,2.3868509898960033e-08
ANI/USDT,2.2453889817433386e-05
MYTH/USDT,3.517471311226613e-05
TOKEN/USDT,4.785222062666663e-07
ANYONE/USDT,0.0022142196639999595
BNT/USDT,0.001823769389000001
LOOM/USDT,3.79649299662667e-09
XAVA/USDT,9.672914517106297e-05
KACY/USDT,9.878148894099969e-10
TUT/USDT,4.815378266400003e-06
D/USDT,2.4398584090666225e-06
SNX/USDT,0.005652213634333356
FIL/USDC,0.018265435117333435
AI/USDT,0.0001034410923067632
TSOTCHKE/USDT,2.238111597424033e-08
PNK/USDT,1.6605043494333364e-06
CCD/USDT,5.300983715666637e-07
BERT/USDT,6.929345115666544e-05
SUIP/USDT,3.7034519506667035e-07
LAUNCHCOIN/USDT,5.266557109626685e-05
METHANE/USDT,6.808491922666777e-07
AIOS/USDT,3.4359899692234614e-09
DOGK/USDT,3.3563506980999486e-10
KDA/USDC,0.0004733071876666662
KASPER/USDT,1.0690660359999907e-11
BONE/USDT,0.00012210920346009902
XEC/USDC,5.802878211498739e-13
VINE/USDT,8.775652284639945e-05
AVA/USDT,0.0007179665373333584
GHOAD/USDT,5.589038769000014e-09
MUMU/USDT,5.6721991155583627e-14
HOOK/USDT,8.153657118426568e-05
NRN/USDT,1.6701737607666478e-06
PAXG/USDT,1206.1336010003022
KRL/USDT,6.366252100000223e-05
AURY/USDT,2.645061525733404e-06
DASH/USDC,1.1698117539293256
FLX/USDT,0.03008727313433396
ARCH/USDT,7.008051733332216e-09
XYO/USDT,1.429004233333323e-07
MAMO/USDT,0.00023742824478759927
JST/USDT,3.21737432693322e-06
KIP/USDT,5.710449152266727e-10
LON/USDT,0.0005136238440000016
GAME/USDT,1.0716268166933435e-05
POLIS/USDT,3.256228029000016e-05
EURR/USDT,0.000194185235666724
ULTI/USDT,2.634511514334612e-11
GMX/USDT,0.20848323556667003
WAVES/USDC,0.01741147426666637
WILD/USDT,0.0023574865545987716
TAO/USDC,350.5360539166636
MYRO/USDT,2.9081484477333385e-06
HBAR/USDC,0.00013159621810090178
RETARDIO/USDT,2.4942711389333694e-06
SERAPH/USDT,5.478337276823025e-05
SOSO/USDT,0.00025190346900000126
KEYCAT/USDT,6.376393875999991e-07
CVX/USDT,0.07608488062500002
ZEUSETH/USDT,2.638948602189058e-18
EMP/USDT,118.32315809000005
ONG/USDT,0.00012318564453226238
NEXO/USDT,0.0012742723290000149
ROCKYSOL/USDT,4.1228978628054516e-07
CTK/USDT,0.0004460722627461038
ARDR/USDT,8.06849460756635e-06
A/USDT,0.00024498162899999826
SUNCAT/USDT,5.594953918106718e-09
JUV/USDT,0.006247681547666876
MARS/USDT,8.587500314899916e-06
VGX/USDT,1.0605854899999933e-08
JYAI/USDT,8.641061239999837e-10
YULI/USDT,1.188986498233306e-10
LUNC/USDT,4.735795306666586e-12
SKYAI/USDT,6.845609382706649e-05
NOS/USDT,0.0003967781489999862
CAR/USDT,8.733337291666488e-07
LUMIA/USDT,0.0005222189244329378
LTO/USDT,1.8511650147666841e-06
FREEDOGS/USDT,3.2187433333333325e-09
MAPO/USDT,2.0193343733334376e-08
FAT/USDT,6.63404828999994e-08
NACHO/USDT,2.3999757595241313e-12
GTC/USDT,0.0002988402517635995
RIO/USDT,0.0007865316060282844
MELANIA/USDT,9.619458239293377e-05
FLOKI/USDT,3.733437234333344e-11
HEHE/USDT,2.1682258400000114e-08
TREMP/USDT,7.161285674333028e-07
PURR/USDT,0.0002276070424524954
DVI/USDT,1.3873901476666403e-07
TARA/USDT,1.0203079842290215e-08
JELLYJELLY/USDT,1.2271071167666676e-06
SQR/USDT,5.327066666667294e-10
AR/USDT,0.186658603769335
ZKL/USDT,9.956029500899944e-06
BLOK/USDT,2.509015933333132e-11
ZETA/USDT,9.066257988373221e-05
DRV/USDT,1.9220333681066626e-05
LMWR/USDT,1.246683122916654e-05
UXLINK/USDT,0.00011234905600000246
RSR/USDT,1.8051520809999948e-07
PINGO/USDT,7.502412002609997e-05
JTO/USDT,0.022256148643999468
GRIFFAIN/USDT,9.463066498399976e-06
SAUCE/USDT,7.839390766099707e-06
BLUR/USDT,1.6237178526666558e-05
BIGTIME/USDT,6.46720455999984e-06
ROAM/USDT,0.0014504356331566683
NUB/USDT,1.4139606526400183e-05
XSAT/USDT,0.004516838430666836
DAG/USDT,3.244866908233357e-06
GURU/USDT,7.561008664009848e-09
QTUM/USDT,0.40661391720233375
BNB/USDC,945.7101645833335
ELON/USDT,6.601094658769112e-17
MCB/USDT,0.014008165907666537
WELL/USDT,2.4614991247667785e-06
BLUB/USDT,1.0281742316028435e-17
BOME/USDT,9.591515253940955e-08
SYN/USDT,6.855643523210064e-05
TOMI/USDT,1.0041318883066935e-09
VVAIFU/USDT,2.0939824649223068e-08
REQ/USDT,1.6831652764233392e-05
TFUEL/USDT,1.283607290233293e-06
CKB/USDC,1.7608956906666346e-07
PUNDIX/USDT,0.00012168474079573194
BLD/USDT,2.1710243599999516e-08
MOB/USDT,6.169906991666594e-05
USUAL/USDT,3.96454268175674e-05
RFC/USDT,8.09457315066667e-07
ZEC/USDT,6.699876916666864
XION/USDT,0.004353146209000053
VSYS/USDT,1.5422056435999653e-10
PAW/USDT,1.4038281821180577e-19
SEIYAN/USDT,5.501832359999984e-08
POLLEN/USDT,1.2457221557333565e-06
KEKE/USDT,9.741327144276703e-15
APP/USDT,3.9646040399999394e-08
LL/USDT,1.1043442933332148e-08
BCH/USDC,650.5990369166511
ATLAS/USDT,1.7048073890900114e-09
FOX/USDT,1.3264179789333368e-06
FLOW/USDC,0.0006170612343333274
FORT/USDT,4.207005058900005e-06
CATANA/USDT,3.061077610583341e-09
FACTR/USDT,3.509816244233414e-06
BDC/USDT,1.8772426114333311e-06
MEMESAI/USDT,7.786085076000122e-09
SAFE/USDT,0.0005239695489999833
JETTON/USDT,1.1085082644099944e-05
CANTO/USDT,5.676483762666728e-07
MONA/USDT,1.6938505276234653e-05
SWCH/USDT,0.00011924632692027139
RARI/USDT,0.002674759433333292
LIME/USDT,2.8802958333333255e-07
XLM/USDC,0.0002529767209090593
NINJA/USDT,3.000946543642352e-08
APX/USDT,8.067784334266332e-06
MOCA/USDT,6.50321836040012e-06
PNUT/USDT,0.00018595301998409921
UNI/USDC,0.5427537916373354
XYM/USDT,9.775874173333071e-08
SOL/USDC,307.13910324000324
DOGESOL/USDT,6.808646229066668e-06
ACX/USDT,0.00010784352403543308
NCT/USDT,5.298754600000026e-07
GORK/USDT,2.547659330666622e-07
HBAR/USDT,0.00013200361802332975
CATS/USDT,5.550174644469244e-14
DOGINME/USDT,6.456926010933463e-10
KAR/USDT,4.178558862666688e-07
SIGN/USDT,1.3085535743333952e-05
ICX/USDT,4.443736412249957e-05
DJT/USDT,1.0969073023333426e-11
DESO/USDT,0.09505121936400006
BOMO/USDT,3.664914381000091e-07
HOT/USDC,1.5067062667066586e-09
PSP/USDT,4.434908621433335e-06
WYAC/USDT,7.0790847763566906e-09
ASR/USDT,0.27610577935833797
FET/USDC,0.0007885922333333281
MICHI/USDT,2.3795733566665852e-06
GMM/USDT,3.703388655666552e-11
HOPR/USDT,6.535053940099866e-06
SSV/USDT,1.4475892201973135
KANGO/USDT,1.7325836437759735e-12
NSTR/USDT,2.6530646623332923e-07
TOLY/USDT,1.1479677925623322
PERP/USDT,0.00029849235247667147
SAGA/USDT,0.00048123732948943766
ORDI/USDT,0.6811875776623314
DYDX/USDC,0.0021951579543333793
API3/USDT,0.028837018889333547
SLP/USDT,8.251562331916823e-09
ALPHA/USDT,1.8731491209999426e-07
THL/USDT,9.024330443566544e-06
ARCA/USDT,1.0909561343332259e-07
CLOUD/USDT,8.920880251599995e-06
FLM/USDT,2.037507337566643e-06
FOXY/USDT,1.1473407826680902e-07
EGLD/USDC,0.6501827157039815
POR/USDT,0.0002783068889999954
MOZ/USDT,4.624051931250184e-09
CFX/USDT,6.290916564839881e-05
SILLY/USDT,3.2747892717333266e-08
PROJECT89/USDT,2.9871115662333656e-06
SSE/USDT,2.0647999999999832e-08
GRT/USDC,1.642790063476656e-05
MAXSOL/USDT,5.403511336534433e-07
ATM/USDT,0.004873873891666669
NKN/USDT,2.4549672075666277e-06
CAT/USDT,3.063912123899735e-13
PSTAKE/USDT,7.973136498399817e-06
ELF/USDT,2.2471253822266562e-05
BAR/USDT,0.002064113594333312
WING/USDT,4.4719349166668015e-05
ANON/USDT,2.4066022712899856e-09
ICP/USDT,0.05541531395833261
QKC/USDT,4.881230240000023e-08
DMAGA/USDT,2.3235086173333807e-09
PERRY/USDT,1.3791328525807643e-07
ELDE/USDT,1.0724768335666738e-06
FOREST/USDT,5.898369463742665e-08
RAY/USDT,0.06931700168899833
FP/USDT,0.002930038400000031
PROMPT/USDT,0.020591360999691728
ONDO/USDC,0.0028130323026665997
GRAIL/USDT,351.30687182333145
LOBO/USDT,5.094473243066715e-10
PEOPLE/USDT,2.6990547566666936e-06
WSDM/USDT,1.802658028233206e-10
SNIFT/USDT,6.414304356666714e-08
COTI/USDT,7.24210143956666e-06
AVAX/USDT,4.44059562976388
AAA/USDT,2.2407374654233354e-09
NEAR/USDC,0.021680900047667317
XPLA/USDT,6.60270629960012e-06
ONES/USDT,8.471645833332554e-09
REKT/USDT,5.232374691666646e-15
BROCCOLIF3B/USDT,1.0724453470666797e-06
LYX/USDT,0.0062449004076665605
PPKAS/USDT,1.3048766435833157e-09
BILLY/USDT,3.398185889999997e-08
WIN/USDT,3.0661759626666495e-11
ZAILGO/USDT,9.700043797733319e-10
GOAT/USDT,4.046649281250005e-05
FLOKI/USDC,3.59649153066667e-11
BSV/USDT,1.047665949327642
ZEPH/USDT,0.004534889054333326
ELX/USDT,0.00021533869840626623
TON/USDT,0.015088160050666238
PIVX/USDT,4.5991448212233144e-05
MLN/USDT,0.11795189862266654
BOB/USDT,1.772659656118254e-13
SHARKCAT/USDT,2.6319011916666625e-07
FHE/USDT,0.0002662711439997334
GRPH/USDT,3.353960009999998e-08
DMT/USDT,5.857818023622303
HAMMY/USDT,7.918922605906688e-09
STG/USDT,6.213336293916666e-05
IP/USDT,0.1724110406106647
XVG/USDT,1.0825244000000084e-07
SOLAMA/USDT,1.1670820583333493e-07
NEAR/USDT,0.02146220435833319
SCF/USDT,7.738202760000111e-08
PUFFER/USDT,0.00013401960205890098
PUFF/USDT,1.2991267410670343e-06
LADYS/USDT,2.5136057186222133e-18
IXS/USDT,4.688626604906445e-05
STARL/USDT,1.2847182958357457e-15
SXP/USDT,6.804591535826351e-05
STORJ/USDT,0.00010926025543156753
CPOOL/USDT,0.0003832009892347698
PIPPIN/USDT,2.7741077470667154e-06
IMG/USDT,1.4211932241000035e-06
POLC/USDT,1.538558157022669e-08
DREAMS/USDT,6.809699814526727e-07
MEW/USDT,4.2609732935943133e-08
LESTER/USDT,2.7575502357332606e-08
PENGU/USDT,1.1379014972500056e-05
BEFI/USDT,2.5905252157959886e-08
BTCH/USDT,0.011229069166666947
ITA/USDT,0.00048526849107360747
XCN/USDT,3.3885321693333604e-07
ORDER/USDT,0.0012618829008354297
RIPPLE/USDT,1.6736894170858456e-07
AUDIO/USDT,3.6489656666665737e-06
SMOLE/USDT,1.609573997333267e-11
PORT3/USDT,1.1985242015666666e-06
ATH/USDT,2.979612795599994e-06
AGI/USDT,8.041972290399998e-06
HONEY/USDT,2.972431854333308e-07
HENLO/USDT,7.66319222100014e-11
ATR/USDT,3.44083864400002e-07
BABYDOGE/USDT,4.9899941138888535e-21
ANIME/USDT,6.370048562666741e-07
PUSH/USDT,1.7335371935666942e-06
PYTH/USDT,4.835282223583242e-05
WIF/USDT,0.002903109076000006
UMA/USDT,0.008014177933333444
BOMB/USDT,7.290421917566381e-10
SWARMS/USDT,1.2390130034333365e-06
HYPER/USDT,0.0003812215773733264
DBR/USDT,7.809627197333193e-07
OPUS/USDT,3.5668609214333066e-06
UOS/USDT,9.508379207666776e-07
WELSH/USDT,8.228410922666503e-11
XEN/USDT,5.65324343302501e-18
CTXC/USDT,3.4991784489000424e-06
DUREV/USDT,3.0739810293333264e-07
ACH/USDT,6.931940002333167e-07
PONKE/USDT,3.533113595423288e-05
HMT/USDT,1.682800216233294e-06
SAROS/USDT,0.0023438869538958506
RAD/USDT,0.0016153014583333897
MOVR/USDT,0.11161299002399926
SKATE/USDT,1.113443689066706e-06
AVASOL/USDT,5.263585639166715e-06
DASH/USDT,1.0957873196240158
GFM/USDT,1.3210174993600371e-09
WEMIX/USDT,0.0005346033916666464
KENDU/USDT,3.3135920222916788e-12
HELLO/USDT,4.7103386143333293e-07
FLIP/USDT,0.005114618125000033
XLM/USDT,0.00025810904361916337
ZIG/USDT,2.5297364039166394e-05
HOPPY/USDT,5.877500474327595e-12
CATGOLD/USDT,6.221290223333238e-12
BAL/USDT,0.006131925154333469
NOOT/USDT,2.2066229810000078e-07
BEL/USDT,0.0001525262550058327
BDX/USDT,2.7136274682933956e-05
COS/USDT,1.517881489999947e-08
FIRE/USDT,2.829293956666682e-06
WOLF/USDT,3.2631581817333383e-14
WOO/USDT,1.885807718693332e-05
APT/USDT,0.05058029107733169
COMP/USDT,5.849466489999995
MRSOON/USDT,3.988377289999996e-12
BCH/USDT,659.4437064100256
JPG/USDT,4.97512555666678e-08
F/USDT,1.3002476210000369e-07
C98/USDT,1.1713462222266736e-05
B2/USDT,0.00038962721599998464
UNI/USDT,0.5319737652306686
JOECOIN/USDT,2.471746366810029e-05
ENJ/USDT,1.784609658876652e-05
OAS/USDT,4.188619226666671e-08
TIA/USDT,0.014049388233333305
FXS/USDT,0.018668477541000015
GOG/USDT,9.865289956666459e-08
CEL/USDT,6.124217295433215e-06
CUBE/USDT,0.0007863111093333305
REZ/USDT,1.0196578190666805e-06
SYNT/USDT,1.1811951354333618e-06
XNO/USDT,0.0016556524040000303
IOTA/USDT,9.664464450666533e-05
HOLD/USDT,1.98648916233331e-11
VIA/USDT,3.886296559566652e-06
REVV/USDT,3.664826711826651e-09
LIKE/USDT,3.9498896773332616e-07
BID/USDT,0.0011072040668847697
COMBO/USDT,6.082161541000081e-07
HNT/USDC,0.005748521391666672
SPURS/USDT,0.00012283969600000095
MAJOR/USDT,3.792752572306675e-05
AO/USDT,1.0144162736023021
SD/USDT,0.002587022270666629
TSTBSC/USDT,3.093123003733354e-06
HAC/USDT,0.0033470221440000387
BAND/USDT,0.043682779915666735
SAI/USDT,1.0552507749333374e-06
AIXBT/USDT,6.9437816060233e-05
MEME/USDT,1.2402970911237826e-06
IO/USDT,0.0011701808583333328
1DOLLAR/USDT,8.442084610000368e-08
CHILLGUY/USDT,1.1731767166666761e-05
HYPERFY/USDT,1.1666381066666826e-08
CARV/USDT,0.0003386472551266761
TOWNS/USDT,1.0815915427599932e-05
IRIS/USDT,7.502266604893419e-09
KAITO/USDT,0.003880458357333303
DKT/USDT,9.288496093333424e-08
SOV/USDT,5.9746464100000304e-06
ETN/USDT,9.508865431109097e-08
AP/USDT,3.7205280893332514e-07
AURASOL/USDT,0.0001853930295724974
YOUSIM/USDT,8.92800246174341e-09
CAKE/USDT,0.01264616556666706
MEMEFI/USDT,3.1939414493333332e-09
BOBO/USDT,3.828273096764756e-15
TYBG/USDT,2.5628804360000257e-11
HARD/USDT,5.348473215999898e-07
DRIFT/USDT,0.0011891501143333014
GME/USDT,5.367832251076667e-09
VR/USDT,3.2602307912899878e-09
CROSS/USDT,0.00012192451219027211
SOVRN/USDT,1.0729102409333261e-06
ONDO/USDT,0.002769125582666565
XEC/USDT,6.209199811706533e-13
VVV/USDT,0.32379075798766227
SOON/USDT,0.0004750930047623977
PEPE/USDT,4.475731267331736e-13
ZEUS/USDT,0.00015894423346639577
GEAR/USDT,7.043122687722444e-07
TRU/USDT,3.4727206614333096e-06
RACA/USDT,2.93444058401115e-12
PELL/USDT,1.9817878671026926e-08
MANTA/USDT,0.00022249222456093237
MIRAI/USDT,1.34847713066667e-07
BUCKAZOIDS/USDT,2.588924549333328e-07
BRAINLET/USDT,8.219439191666694e-07
KROAK/USDT,3.196130161566681e-10
COCORO/USDT,2.045764602666666e-07
KAS/USDC,1.2974957490933274e-05
DCB/USDT,1.4326130009999918e-07
BNB/USDT,907.3846617566345
XETA/USDT,2.7418855520999933e-10
LUMO/USDT,5.394596757076684e-09
RCH/USDT,0.000531056871642414
COMAI/USDT,4.2328558554233476e-05
HERO/USDT,1.326519933433364e-06
AWE/USDT,1.939569818399981e-06
CEEK/USDT,1.0147772826666619e-07
TWT/USDT,0.00043777010399999365
OGN/USDT,1.0256005581433364e-05
KDAO/USDT,2.34718824300091e-13
ELIX/USDT,8.476300156666803e-08
BLENDR/USDT,2.6968707948766836e-05
CSPR/USDT,8.395598583333236e-08
VISTA/USDT,0.8197219624040151
SMURFCAT/USDT,9.4287277733336e-12
HUAHUA/USDT,5.869036441876772e-12
RESOLV/USDT,5.3135447464399726e-05
ARK/USDT,0.0006278172373333258
AR/USDC,0.18103662956666466
KARRAT/USDT,0.00016816644777160037
VTHO/USDT,5.649459529626704e-09
CLEAR/USDT,6.058426402666584e-07
QUBIC/USDT,2.8194109178951644e-14
XTM/USDT,2.0102600266665777e-08
AST/USDT,3.528104969166867e-06
MUBARAK/USDT,4.625067666666769e-06
USELESS/USDT,0.0008034562506437276
KNC/USDT,0.0004300501815302378
PSG/USDT,0.006954899294333309
MDT/USDT,1.5188117008999812e-06
VET/USDC,2.5288664727667507e-06
OL/USDT,7.209068278100034e-06
SZN/USDT,1.7717834024999637e-10
RAI/USDT,0.0007256290440000113
JASMY/USDT,7.067407437333486e-07
CKB/USDT,1.728241015666667e-07
SHIC/USDT,1.0658699789600108e-11
STARS/USDT,2.6487665981732708e-09
PLUME/USDT,3.360594031893435e-05
BUTTHOLE/USDT,1.0342064093333418e-07
MOODENG/USDT,9.563030722333257e-05
BROCCOLI/USDT,1.7211390462333522e-06
DOG/USDT,2.449094906666674e-08
ONT/USDT,0.0011291601582409216
ORAI/USDT,0.035023804233333324
BOX/USDT,3.855029443999995e-07
ES/USDT,0.0002238079760000036
FIS/USDT,1.0841406458100047e-05
RDO/USDT,2.3952526808266706e-09
GIZMO/USDT,1.54944110023333e-06
MFER/USDT,8.040944082333461e-07
FLT/USDT,1.1668761904766217e-05
MNT/USDT,0.006793645102333639
MLG/USDT,7.884200990666693e-07
SCA/USDT,9.205920046900039e-06
0X0/USDT,1.7426027129599987e-05
TAIKO/USDT,0.0003246240826666691
AGLD/USDT,0.0009507405160000178
MASA/USDT,1.7908104725000124e-06
GPU/USDT,0.0003348858973333386
ATOM/USDT,0.07902732558266888
MANEKI/USDT,1.0203202215559987e-08
JAILSTOOL/USDT,2.8985889151916434e-08
BOTTO/USDT,0.0005928887293310777
LVVA/USDT,5.514926895440872e-08
ZEAL/USDT,4.8378361406666675e-05
LEASH/USDT,216.6277660266659
VADER/USDT,5.683118582693359e-05
BICO/USDT,4.079011022226598e-05
XTER/USDT,0.004101717878543346
DIO/USDT,3.072920306666614e-08
EDGE/USDT,0.011517169289387693
BANANO/USDT,3.149722548958332e-08
APE/USDC,0.0008524534239999879
EURC/USDT,0.00048609886266671895
ANKR/USDT,4.0016839610001037e-07
XKR/USDT,8.154769091599503e-10
DOODOO/USDT,0.00029227098842143196
DOLAN/USDT,2.7331189083433267e-05
CELR/USDT,1.476315870666656e-07
MOODENGETH/USDT,3.864450933074416e-12
DFL/USDT,4.5811225809998776e-11
BCCOIN/USDT,5.106885318399944e-06
KAVA/USDT,3.6788014333333004e-05
GRT/USDT,1.6573367799566115e-05
FROC/USDT,1.4508353695226633e-12
DATA/USDT,1.6145407010666792e-06
XVS/USDT,0.17866605533734037
OOE/USDT,2.701203773333272e-08
MONKY/USDT,4.98260316999957e-16
XR/USDT,6.523450539166557e-06
ZYN/USDT,2.6027436943333333e-07
PORTO/USDT,0.010656700442666742
LFT/USDT,1.0112119743333627e-07
HIVE/USDT,4.6895689779734074e-05
PWEASE/USDT,2.738030766666645e-07
AMP/USDT,1.8473413733333143e-08
NOBODY/USDT,0.0005923339461542358
LAI/USDT,2.8600397694766304e-09
MUSIC/USDT,8.635367234333449e-07
PROM/USDT,0.0514680361823327
A2Z/USDT,3.044216026666689e-08
ALPH/USDT,0.0002445703023333229
P3D/USDT,4.742590070960189e-09
KERNEL/USDT,0.0003476863094243971
RVN/USDC,4.348957266666528e-07
LTC/USDC,23.906248623333468
DMC/USDT,3.7193916666667196e-08
FREN/USDT,5.201308063306596e-15
TAOCAT/USDT,1.115123042706648e-09
PENDLE/USDC,0.18082850676666748
XEM/USDT,4.976625858089965e-09
LEVER/USDT,3.701641730666701e-11
DMTR/USDT,3.779275661000004e-07
GOATS/USDT,6.721862760000089e-12
TRADE/USDT,0.0005261943808314425
PIXFI/USDT,3.193126497066613e-10
OSOL/USDT,4.5015642933333815e-08
NFT/USDT,1.4413609558333567e-16
FUEL/USDT,9.563337009999991e-08
KAS/USDT,1.5014330668266542e-05
ETHW/USDT,0.06215478985600112
USDR/USDT,9.865373333317206e-07
WAVES/USDT,0.017177374274333787
SPK/USDT,2.3352894696399994e-05
CHZ/USDT,2.431259856933402e-06
SCR/USDT,0.0009575549921364192
NEO/USDT,0.5753722163506745
VELO/USDT,1.2459543106233714e-05
SUSHI/USDT,0.004429350402333284
MODE/USDT,9.968360923902806e-08
ORBS/USDT,3.78312919733349e-07
DIONE/USDT,1.4014504057433506e-09
REACT/USDT,3.5599233638232936e-05
CA/USDT,9.471665154332953e-09
SEAM/USDT,0.00012486349733333338
WNXM/USDT,108.01078734333451
SUDO/USDT,1.147160435756662e-05
ICNT/USDT,0.0004397984805010688
BANK/USDT,0.0001109723720100001
ALGO/USDT,0.00015359029914583335
LAYER/USDT,0.0006448292626666662
RWA/USDT,3.1388052693333195e-07
HIPPO/USDT,1.778855018714344e-08
ABSTER/USDT,1.2173237530399973e-05
SLIM/USDT,9.383448114099724e-06
KISHU/USDT,1.0894558333333314e-23
AIN/USDT,5.73795964324007e-05
CORE/USDT,0.0009403832210000022
SGB/USDT,2.1415333333332754e-08
GOMINING/USDT,0.00014241986766665878
GPS/USDT,1.489662686233319e-06
DEXT/USDT,0.0002432749356666686
DEAI/USDT,1.6800927556666578e-05
TOSHI/USDT,1.0088329417433354e-09
HYPE/USDT,28.83037902666744
A8/USDT,1.6227615810233314e-05
OBOL/USDT,1.8714136873433337e-05
SEAL/USDT,1.0902565135667168e-06
DUCK/USDT,1.6459473639999855e-07
MBOX/USDT,1.5060960136933798e-05
REALIS/USDT,1.5645342530693153e-08
BB/USDT,0.0005539408817433342
SOLV/USDT,1.2231803347666678e-06
AGT/USDT,1.5013432743333187e-07
FWOG/USDT,1.2663025120099715e-05
BAN/USDT,1.247970578343357e-05
BNBCARD/USDT,3.1717297716458536e-07
VIC/USDT,0.00013721956689706575
METIS/USDT,1.4794423937906716
SLERF/USDT,4.866883860360085e-05
DNX/USDT,7.558712357009854e-05
BUZZ/USDT,4.607842891666713e-07
ZIL/USDC,2.948456135999993e-07
BLACKDRAGON/USDT,1.5896878916015557e-18
LOOKS/USDT,1.5570467821066924e-05
INSP/USDT,4.3877918958333225e-06
AIPG/USDT,4.254887566666656e-07
AVAX/USDC,4.254092363950634
MAK/USDT,2.959382592100038e-06
ADA/USDC,0.001611241401000065
KSM/USDT,1.6452304901623356
ZRX/USDT,0.000141530849675064
OG/USDT,0.1979036067543365
NXRA/USDT,2.2748271560000156e-07
FLUXB/USDT,3.5046053423332503e-07
ZORA/USDT,0.00028876029435826687
WQUIL/USDT,3.2502365982666415e-06
KMD/USDT,2.0068519674332774e-06
FET/USDT,0.0008357147610000025
BONK/USDT,1.631811166069066e-12
KAIA/USDT,2.253596049809977e-05
DEGO/USDT,0.0014496319333334087
IDOL/USDT,4.894741770666661e-07
INJ/USDC,0.6446349566756728
DUEL/USDT,1.354777137066669e-10
HFT/USDT,2.3757023946400025e-05
EUL/USDT,0.2900716820943285
DHT/USDT,0.00016137067491667496
IMGN/USDT,1.1952532839999834e-07
SHIB/USDC,3.384197104522454e-13
GMRX/USDT,8.93895694400001e-11
SCP/USDT,3.365020801433471e-06
LOGX/USDT,1.1446689693333471e-07
TURBOS/USDT,3.9658184593600216e-09
SKL/USDT,1.2246059123433433e-05
GEC/USDT,3.5033989761737874e-18
PIRATE/USDT,3.4864944869333427e-06
CHEQ/USDT,2.1329083825599973e-05
CSIX/USDT,1.0450075066666939e-08
BADGER/USDT,0.0011165660489999571
SNT/USDT,8.126099250666181e-07
GP/USDT,0.01989959665433327
AURORA/USDT,0.0005204845094795684
MYX/USDT,0.0032690311983724503
MSTR/USDT,0.00045753230628560053
BTC/USDT:USDT,5630936.915599999
BTC/USDC:USDT,5498718.402233333
ETH/USDT:USDT,186989.2710335739
ETH/USDC:USDT,190367.14314441217
1INCH/USDT:USDT,0.00016267161282556655
A/USDT:USDT,0.0002602236810000064
AAVE/USDT:USDT,1903.5799229432896
ACT/USDT:USDT,9.312062303733224e-06
ADA/USDT:USDT,0.0016037890440000716
AERO/USDT:USDT,0.013374896295666508
AEVO/USDT:USDT,5.56004288830668e-05
AI16Z/USDT:USDT,0.00013366825360476645
AIXBT/USDT:USDT,7.025861927476613e-05
ALCH/USDT:USDT,0.0006664064431927733
ALGO/USDT:USDT,0.000154612548536104
ALT/USDT:USDT,5.265699802500071e-06
ANIME/USDT:USDT,5.856287837333389e-07
ANKR/USDT:USDT,3.9114995360001103e-07
APE/USDT:USDT,0.000940186962333347
APT/USDT:USDT,0.04986529356233263
AR/USDT:USDT,0.18400578133733017
ARB/USDT:USDT,0.004646829266666623
ARKM/USDT:USDT,0.0009748718890000021
ATH/USDT:USDT,2.9052782358333566e-06
ATOM/USDT:USDT,0.08037093482233391
AUCTION/USDT:USDT,0.17462384829066838
AVAIL/USDT:USDT,3.597743322499935e-06
AVAX/USDT:USDT,4.346468802143981
AXS/USDT:USDT,0.01798681996266658
B/USDT:USDT,0.0006572296823333162
BABY/USDT:USDT,7.857305968933335e-06
BABYDOGE/USDT:USDT,5.160688580729208e-21
BAN/USDT:USDT,1.3163596943332754e-05
BB/USDT:USDT,0.0005569319405615613
BCH/USDT:USDT,659.4668369066835
BEAMX/USDT:USDT,1.5668743356666884e-07
BERA/USDT:USDT,0.08273603223333124
BICO/USDT:USDT,4.0823115395832564e-05
BIGTIME/USDT:USDT,6.476065088899876e-06
BIO/USDT:USDT,0.0041605625871577465
BITCOIN/USDT:USDT,7.215485887666624e-05
BLUR/USDT:USDT,1.5521610194766642e-05
BNB/USDT:USDT,930.0000979066605
BOME/USDT:USDT,9.549846384549084e-08
BONK/USDT:USDT,1.6668903364460144e-12
BRETT/USDT:USDT,3.003147530693308e-05
BTT/USDT:USDT,3.511005346482192e-16
CAKE/USDT:USDT,0.012972907737333521
CAT/USDT:USDT,3.3011083472499365e-13
CELR/USDT:USDT,1.6389732623333586e-07
CETUS/USDT:USDT,4.406529140626804e-05
CFX/USDT:USDT,6.36306178676004e-05
CHEEMS/USDT:USDT,3.284304013351536e-15
CHR/USDT:USDT,1.3683677969566713e-05
CHZ/USDT:USDT,2.4945230807666435e-06
CKB/USDT:USDT,1.7309490343333075e-07
COMP/USDT:USDT,5.84581795666681
CRO/USDT:USDT,0.0013646294376057383
CRV/USDT:USDT,0.0036991513610000015
CVX/USDT:USDT,0.07776436312500003
DASH/USDT:USDT,1.1264994681142853
DEGEN/USDT:USDT,5.631259956666633e-08
DOG/USDT:USDT,2.4899475066666704e-08
DOGE/USDT:USDT,0.00020046556645743623
DOGS/USDT:USDT,3.0380544867666276e-10
DOT/USDT:USDT,0.06336589435566604
DUSK/USDT:USDT,1.4219873701599988e-05
DYDX/USDT:USDT,0.0021649093583333504
DYM/USDT:USDT,0.0002944638740863986
EGLD/USDT:USDT,0.6468786308583141
EIGEN/USDT:USDT,0.011945716534333283
ENA/USDT:USDT,0.004383812050119468
ENJ/USDT:USDT,1.771418375676643e-05
ENS/USDT:USDT,2.712041959797315
ETC/USDT:USDT,4.151476611301025
ETHFI/USDT:USDT,0.01836954257433356
FARTCOIN/USDT:USDT,0.006319926562666671
FIL/USDT:USDT,0.018185974302666667
FLOKI/USDT:USDT,3.769724442333337e-11
FLOW/USDT:USDT,0.0005912420359999959
FXS/USDT:USDT,0.01851691030933335
GALA/USDT:USDT,2.298029250100045e-06
GAS/USDT:USDT,0.025213685834334438
GLM/USDT:USDT,7.763603073823317e-05
GMT/USDT:USDT,4.009419689166665e-06
GOAT/USDT:USDT,4.0828439427066596e-05
GRASS/USDT:USDT,0.0022718827626666887
GRIFFAIN/USDT:USDT,9.505116433066576e-06
GRT/USDT:USDT,1.6659101366099922e-05
HBAR/USDT:USDT,0.0001323235157402621
HMSTR/USDT:USDT,1.910968323023307e-09
HNT/USDT:USDT,0.0061107484906667425
HOT/USDT:USDT,1.6855010484766933e-09
HUMA/USDT:USDT,2.250400861223319e-05
HYPE/USDT:USDT,28.503180666666548
ICP/USDT:USDT,0.05646320526666784
ID/USDT:USDT,6.819453233583408e-05
IMX/USDT:USDT,0.0017269818583333669
INJ/USDT:USDT,0.7252698514333361
IO/USDT:USDT,0.001216330884000001
IOTA/USDT:USDT,9.11297865657314e-05
IOTX/USDT:USDT,8.008366535999871e-07
IP/USDT:USDT,0.16906336304766376
JASMY/USDT:USDT,7.278123191666461e-07
JST/USDT:USDT,3.2138430250665295e-06
JTO/USDT:USDT,0.022123866382665943
JUP/USDT:USDT,0.000765912484000009
KAIA/USDT:USDT,2.3710643426400008e-05
KAITO/USDT:USDT,0.003916675502666672
KAS/USDT:USDT,1.440419191666674e-05
KAVA/USDT:USDT,3.975368766666682e-05
KDA/USDT:USDT,0.0004542093306666674
KMNO/USDT:USDT,9.101712173733575e-06
KSM/USDT:USDT,1.7147551372666474
LAUNCHCOIN/USDT:USDT,5.140497865999998e-05
LDO/USDT:USDT,0.024564972291666886
LINK/USDT:USDT,1.5372091214943293
LPT/USDT:USDT,0.17448960969166682
LRC/USDT:USDT,1.5022029211600303e-05
LTC/USDT:USDT,24.821669426666475
LUNA/USDT:USDT,5.846261077889961e-05
LUNC/USDT:USDT,4.7668496899998055e-12
MAGIC/USDT:USDT,0.0002581753025050648
MANA/USDT:USDT,0.0003103475801691683
MANTA/USDT:USDT,0.00021897898799223684
MASK/USDT:USDT,0.0026455133490000254
ME/USDT:USDT,0.0009359478426666587
MELANIA/USDT:USDT,0.00010907581636573385
MEME/USDT:USDT,1.2298667429076681e-06
MERL/USDT:USDT,9.295388991666456e-05
METIS/USDT:USDT,1.546443233595678
MEW/USDT:USDT,4.169692562541069e-08
MINA/USDT:USDT,5.475322847916696e-05
MKR/USDT:USDT,8188.960641756695
MNT/USDT:USDT,0.006698898794333539
MOG/USDT:USDT,7.317810856178864e-15
MOVE/USDT:USDT,3.7245273264400325e-05
MUBARAK/USDT:USDT,4.660497533599964e-06
NEAR/USDT:USDT,0.021819028225000512
NEIROCTO/USDT:USDT,7.472665499599987e-10
NEIROETH/USDT:USDT,6.790412215956665e-05
NEO/USDT:USDT,0.5567383861743327
NOT/USDT:USDT,1.0554097950706853e-08
OM/USDT:USDT,0.0001277096098421002
OMNI/USDT:USDT,0.04387576301433291
ONDO/USDT:USDT,0.002564990022333346
ONE/USDT:USDT,3.3238070583333746e-07
OP/USDT:USDT,0.0030884297876666903
ORDI/USDT:USDT,0.6679021038826586
PARTI/USDT:USDT,0.00010853383744360003
PENDLE/USDT:USDT,0.17954790895833528
PENGU/USDT:USDT,1.1434688146899853e-05
PEOPLE/USDT:USDT,2.7166439433333577e-06
PEPE/USDT:USDT,4.561867185918262e-13
PLUME/USDT:USDT,3.583344854333385e-05
PNUT/USDT:USDT,0.00018331656828916358
POL/USDT:USDT,0.00010014364499706203
POLYX/USDT:USDT,2.2611125011733283e-05
POPCAT/USDT:USDT,0.0002390409878682666
PROMPT/USDT:USDT,0.020535455364982243
PUMP/USDT:USDT,3.6141128933333296e-08
PYTH/USDT:USDT,5.022512573356751e-05
QNT/USDT:USDT,8.97311867666665
QTUM/USDT:USDT,0.4084922046956632
RATS/USDT:USDT,4.88970295159998e-12
RAY/USDT:USDT,0.06417872354233341
RENDER/USDT:USDT,0.03420017666666604
RON/USDT:USDT,0.000680585566666663
ROSE/USDT:USDT,2.268580971066668e-06
RSR/USDT:USDT,1.8567031826666864e-07
RUNE/USDT:USDT,0.003982369242666627
RVN/USDT:USDT,4.272468597333374e-07
S/USDT:USDT,0.000258871843999997
SAGA/USDT:USDT,0.00048073029904826175
SAND/USDT:USDT,0.0002491757817389344
SATS/USDT:USDT,7.728300928355719e-18
SCR/USDT:USDT,0.0009644568622777238
SEI/USDT:USDT,0.00028629522333333815
SHIB/USDT:USDT,3.4255648339165976e-13
SKL/USDT:USDT,1.2497291216100238e-05
SLP/USDT:USDT,8.073528175556763e-09
SNX/USDT:USDT,0.0055155275666665116
SOL/USDT:USDT,309.5882936100051
SOLV/USDT:USDT,1.1478716107666578e-06
SONIC/USDT:USDT,5.687529966973286e-05
SOON/USDT:USDT,0.000464027370587742
SOPH/USDT:USDT,3.300149406666689e-06
SPX/USDT:USDT,0.012445163333333334
SSV/USDT:USDT,1.4279588762250117
STORJ/USDT:USDT,0.00010717705797876836
STRK/USDT:USDT,5.7166743646901254e-05
STX/USDT:USDT,0.0009096053639999973
SUI/USDT:USDT,0.03654406854933343
SUPER/USDT:USDT,0.001315355189333363
SUSHI/USDT:USDT,0.004460979856000028
SYRUP/USDT:USDT,0.0009533034333333405
TAO/USDT:USDT,363.077595826664
THETA/USDT:USDT,0.001982930163999952
TIA/USDT:USDT,0.014203652701000408
TNSR/USDT:USDT,4.2504856917066065e-05
TON/USDT:USDT,0.015540213695999743
TRB/USDT:USDT,6.358587023333396
TRUMP/USDT:USDT,0.08348668308899994
TRX/USDT:USDT,8.070099625490115e-05
TURBO/USDT:USDT,6.22135747666675e-08
UMA/USDT:USDT,0.008224067763999981
UNI/USDT:USDT,0.548377211048999
USELESS/USDT:USDT,0.0009207093738083881
USTC/USDT:USDT,2.7836433333332674e-07
USUAL/USDT:USDT,4.0478035085832874e-05
UXLINK/USDT:USDT,0.00011464166666666209
VANA/USDT:USDT,0.07030377984233317
VET/USDT:USDT,2.5983821401000473e-06
VIRTUAL/USDT:USDT,0.0051183387666665905
W/USDT:USDT,3.2669656411567e-05
WAVES/USDT:USDT,0.01724025386933344
WCT/USDT:USDT,0.0007637606250000019
WIF/USDT:USDT,0.003011115433333321
WLD/USDT:USDT,0.002844432291666675
WOO/USDT:USDT,1.901332815583329e-05
XAI/USDT:USDT,1.2212074445733043e-05
XAUT/USDT:USDT,1039.8319451434302
XCH/USDT:USDT,0.13676895728099958
XLM/USDT:USDT,0.0002608674714557314
XMR/USDT:USDT,185.68906766667524
XRP/USDT:USDT,0.016883285342666848
XTZ/USDT:USDT,0.0013268393356666722
YGG/USDT:USDT,0.00018856826585160488
ZEC/USDT:USDT,6.603985409999782
ZEN/USDT:USDT,0.2979717190143254
ZEREBRO/USDT:USDT,2.9393150207666582e-06
ZETA/USDT:USDT,9.792838954343142e-05
ZIL/USDT:USDT,3.0461207476665707e-07
ZK/USDT:USDT,2.4359660035833848e-05
ZORA/USDT:USDT,0.0002986998294610666
ZRC/USDT:USDT,2.571203674899969e-06
ZRO/USDT:USDT,0.01069173568933309
ZRX/USDT:USDT,0.0001482607231500977
